K,分组,资源配置向量,资源缺口向量,资源冗余向量,工作量CV向量,最大CV,地理SSE（m²）,缺口Pareto,最终选中,地理baseline
2,S001;S002;S003;S004;S005;S006;S007;S008;S009;S010;S012;S013;S014;S015 | S011,"[4, 3, 2, 6, 5, 4, 2, 4]","[0, 1, 0, 0, 1, 0, 0, 0]","[0, 0, 0, 0, 0, 0, 0, 2]","[0.9340369393139841, 0.9428740564041606, 1.0, 0.9709342862396892]",1.0,284211243.2766212,True,False,False
2,S001;S002;S003;S004;S005;S006;S007;S008;S009;S011;S012;S013;S015 | S010;S014,"[4, 4, 2, 6, 5, 4, 3, 4]","[0, 2, 0, 0, 1, 0, 1, 0]","[0, 0, 0, 0, 0, 0, 0, 2]","[0.8680738786279684, 0.8365142962376044, 0.8362092819975111, 0.878704504526196]",0.878704504526196,213114535.53838828,False,False,False
2,S001;S002;S003;S004;S005;S006;S007;S008;S009;S012;S013;S015 | S010;S011;S014,"[4, 4, 2, 6, 6, 4, 3, 4]","[0, 2, 0, 0, 2, 0, 1, 0]","[0, 0, 0, 0, 0, 0, 0, 2]","[0.8021108179419525, 0.7793883526417651, 0.8362092819975111, 0.8496387907658853]",0.8496387907658853,237129168.19472238,False,False,False
2,S001;S002;S003;S004;S005;S006;S007;S009;S010;S011;S012;S013;S014;S015 | S008,"[4, 2, 3, 6, 4, 5, 3, 4]","[0, 0, 1, 0, 0, 1, 1, 0]","[0, 0, 0, 0, 0, 0, 0, 2]","[0.8812664907651715, 0.894725949254443, 0.7891602375377376, 0.8238470084057973]",0.894725949254443,264954763.12602478,False,False,False
2,S001;S002;S003;S004;S005;S006;S007;S009;S010;S012;S013;S014;S015 | S008;S011,"[4, 3, 3, 6, 5, 5, 3, 4]","[0, 1, 1, 0, 1, 1, 1, 0]","[0, 0, 0, 0, 0, 0, 0, 2]","[0.8153034300791556, 0.8376000056586037, 0.7891602375377376, 0.7947812946454866]",0.8376000056586037,275256496.7937603,False,False,False
2,S001;S002;S003;S004;S005;S006;S007;S009;S011;S012;S013;S015 | S008;S010;S014,"[4, 4, 3, 6, 5, 5, 3, 4]","[0, 2, 1, 0, 1, 1, 1, 0]","[0, 0, 0, 0, 0, 0, 0, 2]","[0.7493403693931399, 0.7312402454920476, 0.6253695195352487, 0.7025515129319935]",0.7493403693931399,265131817.3036697,False,False,False
2,S001;S002;S003;S004;S005;S006;S007;S009;S012;S013;S015 | S008;S010;S011;S014,"[4, 4, 3, 6, 6, 5, 3, 4]","[0, 2, 1, 0, 2, 1, 1, 0]","[0, 0, 0, 0, 0, 0, 0, 2]","[0.683377308707124, 0.6741143018962081, 0.6253695195352487, 0.6734857991716827]",0.683377308707124,272926417.74874413,False,False,False
2,S001;S002;S003;S004;S005;S007;S008;S009;S010;S011;S012;S013;S014;S015 | S006,"[4, 2, 3, 6, 4, 4, 2, 4]","[0, 0, 1, 0, 0, 0, 0, 0]","[0, 0, 0, 0, 0, 0, 0, 2]","[0.8443271767810027, 0.9247374499671787, 1.0, 0.9296396568349636]",1.0,258180228.72643515,True,True,False
2,S001;S002;S003;S004;S005;S007;S008;S009;S010;S012;S013;S014;S015 | S006;S011,"[4, 3, 3, 6, 5, 4, 2, 4]","[0, 1, 1, 0, 1, 0, 0, 0]","[0, 0, 0, 0, 0, 0, 0, 2]","[0.7783641160949868, 0.8676115063713391, 1.0, 0.9005739430746532]",1.0,258336399.4292638,False,False,False
2,S001;S002;S003;S004;S005;S007;S008;S009;S011;S012;S013;S015 | S006;S010;S014,"[4, 4, 3, 6, 5, 4, 3, 4]","[0, 2, 1, 0, 1, 0, 1, 0]","[0, 0, 0, 0, 0, 0, 0, 2]","[0.712401055408971, 0.7612517462047831, 0.8362092819975111, 0.8083441613611598]",0.8362092819975111,228125319.16813996,False,False,False
2,S001;S002;S003;S004;S005;S007;S008;S009;S012;S013;S015 | S006;S010;S011;S014,"[4, 4, 3, 6, 6, 4, 3, 4]","[0, 2, 1, 0, 2, 0, 1, 0]","[0, 0, 0, 0, 0, 0, 0, 2]","[0.6464379947229552, 0.7041258026089436, 0.8362092819975111, 0.7792784476008491]",0.8362092819975111,234805668.14052314,False,False,False
2,S001;S002;S003;S004;S005;S007;S009;S010;S011;S012;S013;S014;S015 | S006;S008,"[4, 2, 3, 6, 4, 5, 3, 4]","[0, 0, 1, 0, 0, 1, 1, 0]","[0, 0, 0, 0, 0, 0, 0, 2]","[0.7255936675461742, 0.8194633992216217, 0.7891602375377376, 0.7534866652407612]",0.8194633992216217,268266390.94523862,False,False,False
2,S001;S002;S003;S004;S005;S007;S009;S010;S012;S013;S014;S015 | S006;S008;S011,"[4, 3, 3, 6, 5, 5, 3, 4]","[0, 1, 1, 0, 1, 1, 1, 0]","[0, 0, 0, 0, 0, 0, 0, 2]","[0.6596306068601583, 0.7623374556257821, 0.7891602375377376, 0.7244209514804505]",0.7891602375377376,265152615.96021372,False,False,False
2,S001;S002;S003;S004;S005;S007;S009;S011;S012;S013;S015 | S006;S008;S010;S014,"[4, 4, 3, 6, 5, 5, 3, 4]","[0, 2, 1, 0, 1, 1, 1, 0]","[0, 0, 0, 0, 0, 0, 0, 2]","[0.5936675461741425, 0.6559776954592261, 0.6253695195352487, 0.6321911697669572]",0.6559776954592261,269711710.62792766,False,False,False
2,S001;S002;S003;S004;S005;S007;S009;S012;S013;S015 | S006;S008;S010;S011;S014,"[4, 4, 3, 6, 6, 5, 3, 4]","[0, 2, 1, 0, 2, 1, 1, 0]","[0, 0, 0, 0, 0, 0, 0, 2]","[0.5277044854881267, 0.5988517518633867, 0.6253695195352487, 0.6031254560066466]",0.6253695195352487,269091960.0551904,False,False,False
2,S001;S002;S004;S005;S006;S008;S009;S010;S011;S012;S013;S014 | S003;S007;S015,"[5, 4, 3, 6, 7, 4, 3, 4]","[1, 2, 1, 0, 3, 0, 1, 0]","[0, 0, 0, 0, 0, 0, 0, 2]","[0.6015831134564644, 0.40952810103381687, 0.17325897658339806, 0.4651494580670764]",0.6015831134564644,188495871.18633687,False,False,False
2,S001;S002;S004;S005;S006;S008;S009;S010;S012;S013;S014 | S003;S007;S011;S015,"[5, 4, 3, 6, 7, 4, 3, 4]","[1, 2, 1, 0, 3, 0, 1, 0]","[0, 0, 0, 0, 0, 0, 0, 2]","[0.5356200527704486, 0.3524021574379774, 0.17325897658339806, 0.4360837443067659]",0.5356200527704486,188839359.03311348,False,False,False
2,S001;S002;S004;S005;S006;S008;S009;S011;S012;S013 | S003;S007;S010;S014;S015,"[5, 4, 3, 6, 5, 4, 3, 4]","[1, 2, 1, 0, 1, 0, 1, 0]","[0, 0, 0, 0, 0, 0, 0, 2]","[0.46965699208443273, 0.24604239727142144, 0.009468258580909114, 0.34385396259327244]",0.46965699208443273,258466415.89317012,False,False,False
2,S001;S002;S004;S005;S006;S008;S009;S012;S013 | S003;S007;S010;S011;S014;S015,"[5, 4, 3, 6, 6, 4, 3, 4]","[1, 2, 1, 0, 2, 0, 1, 0]","[0, 0, 0, 0, 0, 0, 0, 2]","[0.40369393139841686, 0.18891645367558194, 0.009468258580909114, 0.31478824883296175]",0.40369393139841686,249316962.12123302,False,False,False
2,S001;S002;S004;S005;S006;S009;S010;S011;S012;S013;S014 | S003;S007;S008;S015,"[5, 4, 3, 6, 7, 4, 4, 4]","[1, 2, 1, 0, 3, 0, 2, 0]","[0, 0, 0, 0, 0, 0, 0, 2]","[0.48284960422163586, 0.30425405028825997, 0.037580785878864355, 0.2889964664728738]",0.48284960422163586,178175524.70335802,False,False,False
2,S001;S002;S004;S005;S006;S009;S010;S012;S013;S014 | S003;S007;S008;S011;S015,"[5, 4, 3, 6, 7, 4, 4, 4]","[1, 2, 1, 0, 3, 0, 2, 0]","[0, 0, 0, 0, 0, 0, 0, 2]","[0.41688654353562005, 0.24712810669242047, 0.037580785878864355, 0.2599307527125631]",0.41688654353562005,176622966.97394684,False,False,False
2,S001;S002;S004;S005;S006;S009;S011;S012;S013 | S003;S007;S008;S010;S014;S015,"[5, 4, 3, 6, 5, 4, 3, 4]","[1, 2, 1, 0, 1, 0, 1, 0]","[0, 0, 0, 0, 0, 0, 0, 2]","[0.35092348284960423, 0.14076834652586442, 0.2013715038813533, 0.1677009709990699]",0.35092348284960423,264288765.44569993,False,False,False
2,S001;S002;S004;S005;S006;S009;S012;S013 | S003;S007;S008;S010;S011;S014;S015,"[5, 4, 3, 6, 6, 4, 3, 4]","[1, 2, 1, 0, 2, 0, 1, 0]","[0, 0, 0, 0, 0, 0, 0, 2]","[0.2849604221635884, 0.08364240293002492, 0.2013715038813533, 0.13863525723875916]",0.2849604221635884,254995237.874225,False,False,False
2,S001;S002;S004;S005;S008;S009;S010;S011;S012;S013;S014 | S003;S006;S007;S015,"[5, 4, 3, 6, 7, 5, 3, 4]","[1, 2, 1, 0, 3, 1, 1, 0]","[0, 0, 0, 0, 0, 0, 0, 2]","[0.44591029023746703, 0.3342655510009955, 0.17325897658339806, 0.3947891149020402]",0.44591029023746703,156554298.24882582,False,False,False
2,S001;S002;S004;S005;S008;S009;S010;S012;S013;S014 | S003;S006;S007;S011;S015,"[5, 4, 3, 6, 7, 5, 3, 4]","[1, 2, 1, 0, 3, 1, 1, 0]","[0, 0, 0, 0, 0, 0, 0, 2]","[0.37994722955145116, 0.2771396074051561, 0.17325897658339806, 0.36572340114172963]",0.37994722955145116,150694706.69630542,False,False,False
2,S001;S002;S004;S005;S008;S009;S011;S012;S013 | S003;S006;S007;S010;S014;S015,"[5, 4, 3, 6, 5, 5, 3, 4]","[1, 2, 1, 0, 1, 1, 1, 0]","[0, 0, 0, 0, 0, 0, 0, 2]","[0.31398416886543534, 0.17077984723859996, 0.009468258580909114, 0.27349361942823625]",0.31398416886543534,223756831.82932526,False,False,False
2,S001;S002;S004;S005;S008;S009;S012;S013 | S003;S006;S007;S010;S011;S014;S015,"[5, 4, 3, 6, 6, 5, 3, 4]","[1, 2, 1, 0, 2, 1, 1, 0]","[0, 0, 0, 0, 0, 0, 0, 2]","[0.24802110817941952, 0.11365390364276054, 0.009468258580909114, 0.24442790566792555]",0.24802110817941952,209748747.4248163,False,False,False
2,S001;S002;S004;S005;S009;S010;S011;S012;S013;S014 | S003;S006;S007;S008;S015,"[5, 4, 3, 6, 7, 5, 4, 4]","[1, 2, 1, 0, 3, 1, 2, 0]","[0, 0, 0, 0, 0, 0, 0, 2]","[0.32717678100263853, 0.22899150025543855, 0.037580785878864355, 0.21863612330783766]",0.32717678100263853,151865942.51659453,False,False,False
2,S001;S002;S004;S005;S009;S010;S012;S013;S014 | S003;S006;S007;S008;S011;S015,"[5, 4, 3, 6, 7, 5, 4, 4]","[1, 2, 1, 0, 3, 1, 2, 0]","[0, 0, 0, 0, 0, 0, 0, 2]","[0.2612137203166227, 0.17186555665959907, 0.037580785878864355, 0.18957040954752694]",0.2612137203166227,142740521.56847012,False,False,True
2,S001;S002;S004;S005;S009;S011;S012;S013 | S003;S006;S007;S008;S010;S014;S015,"[5, 4, 3, 6, 5, 5, 3, 4]","[1, 2, 1, 0, 1, 1, 1, 0]","[0, 0, 0, 0, 0, 0, 0, 2]","[0.19525065963060687, 0.06550579649304303, 0.2013715038813533, 0.09734062783403366]",0.2013715038813533,233610316.72918966,False,False,False
2,S001;S002;S004;S005;S009;S012;S013 | S003;S006;S007;S008;S010;S011;S014;S015,"[5, 4, 3, 6, 6, 5, 3, 4]","[1, 2, 1, 0, 2, 1, 1, 0]","[0, 0, 0, 0, 0, 0, 0, 2]","[0.12928759894459102, 0.008379852897203529, 0.2013715038813533, 0.06827491407372295]",0.2013715038813533,218099705.3721695,False,False,False
3,S001;S002;S003;S004;S005;S006;S007;S008;S009;S012;S013;S015 | S010;S014 | S011,"[4, 5, 2, 6, 6, 4, 3, 4]","[0, 3, 0, 0, 2, 0, 1, 0]","[0, 0, 0, 0, 0, 0, 0, 2]","[1.2049976225138626, 1.1820153948712686, 1.2445356342621086, 1.256001911596232]",1.256001911596232,209251584.23468474,True,False,False
3,S001;S002;S003;S004;S005;S006;S007;S009;S010;S012;S013;S014;S015 | S008 | S011,"[4, 3, 3, 6, 5, 5, 3, 4]","[0, 1, 1, 0, 1, 1, 1, 0]","[0, 0, 0, 0, 0, 0, 0, 2]","[1.218741763514968, 1.2423122936651014, 1.1975645372028711, 1.1999316400653766]",1.2423122936651014,261118464.9525949,False,False,False
3,S001;S002;S003;S004;S005;S006;S007;S009;S012;S013;S015 | S008;S010;S014 | S011,"[4, 5, 3, 6, 6, 5, 3, 4]","[0, 3, 1, 0, 2, 1, 1, 0]","[0, 0, 0, 0, 0, 0, 0, 2]","[1.0842994994215418, 1.0763899879533618, 1.0424157299012815, 1.0804658040185935]",1.0842994994215418,262012318.37173793,False,False,False
3,S001;S002;S003;S004;S005;S006;S007;S009;S011;S012;S013;S015 | S008 | S010;S014,"[4, 4, 3, 6, 5, 5, 4, 4]","[0, 2, 1, 0, 1, 1, 2, 0]","[0, 0, 0, 0, 0, 0, 0, 2]","[1.1483772928693814, 1.1297133448489585, 1.017266022154416, 1.0992352322831687]",1.1483772928693814,196879399.24925083,False,False,False
3,S001;S002;S003;S004;S005;S006;S007;S009;S012;S013;S015 | S008;S011 | S010;S014,"[4, 5, 3, 6, 6, 5, 4, 4]","[0, 3, 1, 0, 2, 1, 2, 0]","[0, 0, 0, 0, 0, 0, 0, 2]","[1.078868558228075, 1.06855978867944, 1.017266022154416, 1.069128863004445]",1.078868558228075,207897932.15848443,False,False,False
3,S001;S002;S003;S004;S005;S006;S007;S009;S012;S013;S015 | S008 | S010;S011;S014,"[4, 4, 3, 6, 6, 5, 4, 4]","[0, 2, 1, 0, 2, 1, 2, 0]","[0, 0, 0, 0, 0, 0, 0, 2]","[1.0794733454539973, 1.0708912715084293, 1.017266022154416, 1.0680097458775428]",1.0794733454539973,221637484.2773567,False,False,False
3,S001;S002;S003;S004;S005;S007;S008;S009;S010;S012;S013;S014;S015 | S006 | S011,"[4, 3, 3, 6, 5, 4, 2, 4]","[0, 1, 1, 0, 1, 0, 0, 0]","[0, 0, 0, 0, 0, 0, 0, 2]","[1.1804122424004073, 1.2738427778575485, 1.4142135623730951, 1.3090005844252992]",1.4142135623730951,252539553.19771174,True,False,False
3,S001;S002;S003;S004;S005;S007;S008;S009;S012;S013;S015 | S006;S010;S014 | S011,"[4, 5, 3, 6, 6, 4, 3, 4]","[0, 3, 1, 0, 2, 0, 1, 0]","[0, 0, 0, 0, 0, 0, 0, 2]","[1.0480299430737725, 1.10599802889954, 1.2445356342621086, 1.1842957517964974]",1.2445356342621086,222241586.6344552,False,False,False
3,S001;S002;S003;S004;S005;S007;S008;S009;S011;S012;S013;S015 | S006 | S010;S014,"[4, 4, 3, 6, 5, 4, 3, 4]","[0, 2, 1, 0, 1, 0, 1, 0]","[0, 0, 0, 0, 0, 0, 0, 2]","[1.1092641380511, 1.1622391342624567, 1.2445356342621086, 1.2113334948647092]",1.2445356342621086,183155200.8491946,False,False,False
3,S001;S002;S003;S004;S005;S007;S008;S009;S012;S013;S015 | S006;S011 | S010;S014,"[4, 5, 3, 6, 6, 4, 3, 4]","[0, 3, 1, 0, 2, 0, 1, 0]","[0, 0, 0, 0, 0, 0, 0, 2]","[1.0406554558313128, 1.1005563501125901, 1.2445356342621086, 1.1801789902748367]",1.2445356342621086,183068314.5470619,False,False,False
3,S001;S002;S003;S004;S005;S007;S008;S009;S012;S013;S015 | S006 | S010;S011;S014,"[4, 4, 3, 6, 6, 4, 3, 4]","[0, 2, 1, 0, 2, 0, 1, 0]","[0, 0, 0, 0, 0, 0, 0, 2]","[1.0395259352459378, 1.1039855189851224, 1.2445356342621086, 1.1811194473558337]",1.2445356342621086,205149052.27554747,False,False,False
3,S001;S002;S003;S004;S005;S007;S009;S010;S012;S013;S014;S015 | S006;S008 | S011,"[4, 3, 3, 6, 5, 5, 3, 4]","[0, 1, 1, 0, 1, 1, 1, 0]","[0, 0, 0, 0, 0, 0, 0, 2]","[1.0609042293815372, 1.1645890300296546, 1.1975645372028711, 1.1297924337578313]",1.1975645372028711,262654548.47371995,False,False,False
3,S001;S002;S003;S004;S005;S007;S009;S012;S013;S015 | S006;S008;S010;S014 | S011,"[4, 5, 3, 6, 6, 5, 3, 4]","[0, 3, 1, 0, 2, 1, 1, 0]","[0, 0, 0, 0, 0, 0, 0, 2]","[0.9367516413333973, 1.0042192155686978, 1.0424157299012815, 1.014694305817144]",1.0424157299012815,264612394.27468082,False,False,False
3,S001;S002;S003;S004;S005;S007;S009;S011;S012;S013;S015 | S006;S008 | S010;S014,"[4, 4, 3, 6, 5, 5, 4, 4]","[0, 2, 1, 0, 1, 1, 2, 0]","[0, 0, 0, 0, 0, 0, 0, 2]","[0.9870965952680646, 1.049374754584991, 1.017266022154416, 1.0269601146471992]",1.049374754584991,200982585.19088128,False,False,False
3,S001;S002;S003;S004;S005;S007;S009;S012;S013;S015 | S006;S008;S011 | S010;S014,"[4, 5, 3, 6, 6, 5, 4, 4]","[0, 3, 1, 0, 2, 1, 2, 0]","[0, 0, 0, 0, 0, 0, 0, 2]","[0.9221456583427564, 0.9897744634901933, 1.017266022154416, 0.9977478276980967]",1.017266022154416,198381336.3241282,False,False,False
3,S001;S002;S003;S004;S005;S007;S009;S012;S013;S015 | S006;S008 | S010;S011;S014,"[4, 4, 3, 6, 6, 5, 4, 4]","[0, 2, 1, 0, 2, 1, 2, 0]","[0, 0, 0, 0, 0, 0, 0, 2]","[0.9144697747794504, 0.98903610434883, 1.017266022154416, 0.9950082456265065]",1.017266022154416,223760852.7976721,False,False,False
3,S001;S002;S003;S004;S005;S007;S009;S010;S011;S012;S013;S014;S015 | S006 | S008,"[4, 2, 4, 6, 4, 5, 3, 4]","[0, 0, 2, 0, 0, 1, 1, 0]","[0, 0, 0, 0, 0, 0, 0, 2]","[1.1233894626017884, 1.222863689758057, 1.1975645372028711, 1.1545656995755118]",1.222863689758057,235890837.259285,True,True,False
3,S001;S002;S003;S004;S005;S007;S009;S010;S012;S013;S014;S015 | S006;S011 | S008,"[4, 3, 4, 6, 5, 5, 3, 4]","[0, 1, 2, 0, 1, 1, 1, 0]","[0, 0, 0, 0, 0, 0, 0, 2]","[1.055080753713877, 1.1622529780045305, 1.1975645372028711, 1.1229012763199793]",1.1975645372028711,236075841.0193184,False,False,False
3,S001;S002;S003;S004;S005;S007;S009;S010;S012;S013;S014;S015 | S006 | S008;S011,"[4, 3, 4, 6, 5, 5, 3, 4]","[0, 1, 2, 0, 1, 1, 1, 0]","[0, 0, 0, 0, 0, 0, 0, 2]","[1.0533472606611682, 1.1633587743365386, 1.1975645372028711, 1.124953192189266]",1.1975645372028711,244417026.6289317,False,False,False
3,S001;S002;S003;S004;S005;S007;S009;S011;S012;S013;S015 | S006;S010;S014 | S008,"[4, 4, 4, 6, 5, 5, 4, 4]","[0, 2, 2, 0, 1, 1, 2, 0]","[0, 0, 0, 0, 0, 0, 0, 2]","[0.9886557971080494, 1.0525013594916728, 1.017266022154416, 1.0241373876086546]",1.0525013594916728,213577149.82387304,False,False,False
3,S001;S002;S003;S004;S005;S007;S009;S012;S013;S015 | S006;S010;S011;S014 | S008,"[4, 4, 4, 6, 6, 5, 4, 4]","[0, 2, 2, 0, 2, 1, 2, 0]","[0, 0, 0, 0, 0, 0, 0, 2]","[0.9245207134393816, 0.9955969657241329, 1.017266022154416, 0.9936394370586333]",1.017266022154416,221041914.9766941,False,False,False
3,S001;S002;S003;S004;S005;S007;S009;S012;S013;S015 | S006;S010;S014 | S008;S011,"[4, 5, 4, 6, 6, 5, 4, 4]","[0, 3, 2, 0, 2, 1, 2, 0]","[0, 0, 0, 0, 0, 0, 0, 2]","[0.9154399096271725, 0.9898363796439938, 1.017266022154416, 0.9932992645251449]",1.017266022154416,222615865.31179157,False,False,False
3,S001;S002;S003;S004;S005;S007;S009;S011;S012;S013;S015 | S006 | S008;S010;S014,"[4, 4, 4, 6, 5, 5, 3, 4]","[0, 2, 2, 0, 1, 1, 1, 0]","[0, 0, 0, 0, 0, 0, 0, 2]","[0.9849519757456402, 1.0559918506808188, 1.0424157299012815, 1.0334919671971003]",1.0559918506808188,236859449.55934653,False,False,False
3,S001;S002;S003;S004;S005;S007;S009;S012;S013;S015 | S006;S011 | S008;S010;S014,"[4, 5, 4, 6, 6, 5, 3, 4]","[0, 3, 2, 0, 2, 1, 1, 0]","[0, 0, 0, 0, 0, 0, 0, 2]","[0.913441450134134, 0.9922520256939745, 1.0424157299012815, 1.0006394346683851]",1.0424157299012815,237556979.43765175,False,False,False
3,S001;S002;S003;S004;S005;S007;S009;S012;S013;S015 | S006 | S008;S010;S011;S014,"[4, 4, 4, 6, 6, 5, 3, 4]","[0, 2, 2, 0, 2, 1, 1, 0]","[0, 0, 0, 0, 0, 0, 0, 2]","[0.9185715615200017, 1.0005721603547615, 1.0424157299012815, 1.0055744610405692]",1.0424157299012815,242674232.5831059,False,False,False
3,S001;S002;S004;S005;S006;S008;S009;S010;S012;S013;S014 | S003;S007;S015 | S011,"[5, 5, 3, 6, 8, 4, 3, 4]","[1, 3, 1, 0, 4, 0, 1, 0]","[0, 0, 0, 0, 0, 0, 0, 2]","[0.9438813831709048, 0.7972979519963074, 0.7382601231612673, 0.8728887838312273]",0.9438813831709048,178280345.82037017,False,False,False
3,S001;S002;S004;S005;S006;S008;S009;S012;S013 | S003;S007;S010;S014;S015 | S011,"[5, 5, 3, 6, 6, 4, 3, 4]","[1, 3, 1, 0, 2, 0, 1, 0]","[0, 0, 0, 0, 0, 0, 0, 2]","[0.8318525189891275, 0.6992341027676975, 0.7072018607730274, 0.7874201121654468]",0.8318525189891275,249164215.2397437,False,False,False
3,S001;S002;S004;S005;S006;S008;S009;S011;S012;S013 | S003;S007;S015 | S010;S014,"[5, 6, 3, 6, 7, 4, 4, 4]","[1, 4, 1, 0, 3, 0, 2, 0]","[0, 0, 0, 0, 0, 0, 0, 2]","[0.8671932561571736, 0.6678358488064228, 0.544991479877948, 0.7616041485931937]",0.8671932561571736,133514092.45101997,False,False,False
3,S001;S002;S004;S005;S006;S008;S009;S012;S013 | S003;S007;S011;S015 | S010;S014,"[5, 6, 3, 6, 7, 4, 4, 4]","[1, 4, 1, 0, 3, 0, 2, 0]","[0, 0, 0, 0, 0, 0, 0, 2]","[0.8078102607979485, 0.6282711644939989, 0.544991479877948, 0.738942967992063]",0.8078102607979485,134770905.01033688,False,False,False
3,S001;S002;S004;S005;S006;S008;S009;S012;S013 | S003;S007;S015 | S010;S011;S014,"[5, 6, 3, 6, 8, 4, 4, 4]","[1, 4, 1, 0, 4, 0, 2, 0]","[0, 0, 0, 0, 0, 0, 0, 2]","[0.7913214250085381, 0.5984452123457293, 0.544991479877948, 0.7266404207296412]",0.7913214250085381,152089475.75763118,False,False,False
3,S001;S002;S004;S005;S006;S009;S010;S012;S013;S014 | S003;S007;S008;S015 | S011,"[5, 5, 3, 6, 8, 4, 4, 4]","[1, 3, 1, 0, 4, 0, 2, 0]","[0, 0, 0, 0, 0, 0, 0, 2]","[0.8423314970133947, 0.7293769504554355, 0.7086031845828167, 0.7552133847638535]",0.8423314970133947,166662860.23624858,False,False,False
3,S001;S002;S004;S005;S006;S009;S012;S013 | S003;S007;S008;S010;S014;S015 | S011,"[5, 5, 3, 6, 6, 4, 3, 4]","[1, 3, 1, 0, 2, 0, 1, 0]","[0, 0, 0, 0, 0, 0, 0, 2]","[0.7467135011257576, 0.6609594911140001, 0.7488829840924127, 0.701813760063592]",0.7488829840924127,254697523.4045287,False,False,False
3,S001;S002;S004;S005;S006;S009;S011;S012;S013 | S003;S007;S008;S015 | S010;S014,"[5, 6, 3, 6, 7, 4, 4, 4]","[1, 4, 1, 0, 3, 0, 2, 0]","[0, 0, 0, 0, 0, 0, 0, 2]","[0.7631398740737958, 0.5992552183608822, 0.5530882126805162, 0.6425131396997645]",0.7631398740737958,132939481.16496964,False,False,False
3,S001;S002;S004;S005;S006;S009;S012;S013 | S003;S007;S008;S011;S015 | S010;S014,"[5, 6, 3, 6, 7, 4, 4, 4]","[1, 4, 1, 0, 3, 0, 2, 0]","[0, 0, 0, 0, 0, 0, 0, 2]","[0.7116261787994445, 0.570848833204893, 0.5530882126805162, 0.6278367644320483]",0.7116261787994445,133308345.86149667,False,False,False
3,S001;S002;S004;S005;S006;S009;S012;S013 | S003;S007;S008;S015 | S010;S011;S014,"[5, 6, 3, 6, 8, 4, 4, 4]","[1, 4, 1, 0, 4, 0, 2, 0]","[0, 0, 0, 0, 0, 0, 0, 2]","[0.6843215326636388, 0.5293954922255883, 0.5530882126805162, 0.6070161243477679]",0.6843215326636388,151225823.08383605,False,False,False
3,S001;S002;S004;S005;S006;S009;S010;S011;S012;S013;S014 | S003;S007;S015 | S008,"[5, 4, 4, 6, 7, 5, 4, 4]","[1, 2, 2, 0, 3, 1, 2, 0]","[0, 0, 0, 0, 0, 0, 0, 2]","[0.8824723552774291, 0.7386567116677609, 0.49056462541490237, 0.6956688522025495]",0.8824723552774291,157463941.85854533,False,False,False
3,S001;S002;S004;S005;S006;S009;S010;S012;S013;S014 | S003;S007;S011;S015 | S008,"[5, 4, 4, 6, 7, 5, 4, 4]","[1, 2, 2, 0, 3, 1, 2, 0]","[0, 0, 0, 0, 0, 0, 0, 2]","[0.8233986848072695, 0.6995324005828387, 0.49056462541490237, 0.6725642654312916]",0.8233986848072695,156510290.6041792,False,False,False
3,S001;S002;S004;S005;S006;S009;S010;S012;S013;S014 | S003;S007;S015 | S008;S011,"[5, 5, 4, 6, 8, 5, 4, 4]","[1, 3, 2, 0, 4, 1, 2, 0]","[0, 0, 0, 0, 0, 0, 0, 2]","[0.8064193925972484, 0.6691558130209868, 0.49056462541490237, 0.6608358273036714]",0.8064193925972484,160089309.23260126,False,False,False
3,S001;S002;S004;S005;S006;S009;S011;S012;S013 | S003;S007;S010;S014;S015 | S008,"[5, 4, 4, 6, 5, 5, 3, 4]","[1, 2, 2, 0, 1, 1, 1, 0]","[0, 0, 0, 0, 0, 0, 0, 2]","[0.7682881663679262, 0.6408317522415448, 0.49755452792127053, 0.607299178653513]",0.7682881663679262,237180221.76230708,False,False,False
3,S001;S002;S004;S005;S006;S009;S012;S013 | S003;S007;S010;S011;S014;S015 | S008,"[5, 4, 4, 6, 6, 5, 3, 4]","[1, 2, 2, 0, 2, 1, 1, 0]","[0, 0, 0, 0, 0, 0, 0, 2]","[0.7180538943177179, 0.6183971229961361, 0.49755452792127053, 0.5897257430866667]",0.7180538943177179,227741726.6026252,False,False,False
3,S001;S002;S004;S005;S006;S009;S012;S013 | S003;S007;S010;S014;S015 | S008;S011,"[5, 5, 4, 6, 6, 5, 3, 4]","[1, 3, 2, 0, 2, 1, 1, 0]","[0, 0, 0, 0, 0, 0, 0, 2]","[0.6891116467120645, 0.5716904859508352, 0.49755452792127053, 0.5717074788249069]",0.6891116467120645,241727011.56230122,False,False,False
3,S001;S002;S004;S005;S006;S009;S011;S012;S013 | S003;S007;S015 | S008;S010;S014,"[5, 6, 4, 6, 7, 5, 3, 4]","[1, 4, 2, 0, 3, 1, 1, 0]","[0, 0, 0, 0, 0, 0, 0, 2]","[0.7313825208535804, 0.540074964389616, 0.31022917920375265, 0.5509534433623853]",0.7313825208535804,180480316.3745758,False,False,False
3,S001;S002;S004;S005;S006;S009;S012;S013 | S003;S007;S011;S015 | S008;S010;S014,"[5, 6, 4, 6, 7, 5, 3, 4]","[1, 4, 2, 0, 3, 1, 1, 0]","[0, 0, 0, 0, 0, 0, 0, 2]","[0.6687314141333477, 0.4994213867783294, 0.31022917920375265, 0.5265221231733515]",0.6687314141333477,181448087.54614788,False,False,False
3,S001;S002;S004;S005;S006;S009;S012;S013 | S003;S007;S015 | S008;S010;S011;S014,"[5, 6, 4, 6, 8, 5, 3, 4]","[1, 4, 2, 0, 4, 1, 1, 0]","[0, 0, 0, 0, 0, 0, 0, 2]","[0.657709603843947, 0.47101439133423884, 0.31022917920375265, 0.516599608915603]",0.657709603843947,181803173.71041077,False,False,False
3,S001;S002;S004;S005;S008;S009;S010;S012;S013;S014 | S003;S006;S007;S015 | S011,"[5, 5, 3, 6, 8, 5, 3, 4]","[1, 3, 1, 0, 4, 1, 1, 0]","[0, 0, 0, 0, 0, 0, 0, 2]","[0.8134590746558124, 0.7471033931886799, 0.7382601231612673, 0.8211236689364698]",0.8211236689364698,142164540.74371117,False,False,False
3,S001;S002;S004;S005;S008;S009;S012;S013 | S003;S006;S007;S010;S014;S015 | S011,"[5, 5, 3, 6, 6, 5, 3, 4]","[1, 3, 1, 0, 2, 1, 1, 0]","[0, 0, 0, 0, 0, 0, 0, 2]","[0.7241506399243017, 0.6695676509562608, 0.7072018607730274, 0.7469557295112643]",0.7469557295112643,209263334.35831314,False,False,False
3,S001;S002;S004;S005;S008;S009;S011;S012;S013 | S003;S006;S007;S015 | S010;S014,"[5, 6, 3, 6, 7, 5, 4, 4]","[1, 4, 1, 0, 3, 1, 2, 0]","[0, 0, 0, 0, 0, 0, 0, 2]","[0.7336420980256577, 0.6168399605765259, 0.544991479877948, 0.7085789359985171]",0.7336420980256577,100871141.65176283,False,False,False
3,S001;S002;S004;S005;S008;S009;S012;S013 | S003;S006;S007;S011;S015 | S010;S014,"[5, 6, 3, 6, 7, 5, 4, 4]","[1, 4, 1, 0, 3, 1, 2, 0]","[0, 0, 0, 0, 0, 0, 0, 2]","[0.6852517563472066, 0.5849015342020079, 0.544991479877948, 0.6886328195162374]",0.6886328195162374,94907810.13334501,False,False,True
3,S001;S002;S004;S005;S008;S009;S012;S013 | S003;S006;S007;S015 | S010;S011;S014,"[5, 6, 3, 6, 8, 5, 4, 4]","[1, 4, 1, 0, 4, 1, 2, 0]","[0, 0, 0, 0, 0, 0, 0, 2]","[0.654063579460199, 0.5468753555195746, 0.544991479877948, 0.673139763211434]",0.673139763211434,114255228.14078836,False,False,False
3,S001;S002;S004;S005;S009;S010;S012;S013;S014 | S003;S006;S007;S008;S015 | S011,"[5, 5, 3, 6, 8, 5, 4, 4]","[1, 3, 1, 0, 4, 1, 2, 0]","[0, 0, 0, 0, 0, 0, 0, 2]","[0.7319676859561159, 0.6915488213035939, 0.7086031845828167, 0.7209986560945546]",0.7319676859561159,135466656.76758814,False,False,False
3,S001;S002;S004;S005;S009;S012;S013 | S003;S006;S007;S008;S010;S014;S015 | S011,"[5, 5, 3, 6, 6, 5, 3, 4]","[1, 3, 1, 0, 2, 1, 1, 0]","[0, 0, 0, 0, 0, 0, 0, 2]","[0.6674184073709385, 0.6480968586265499, 0.7488829840924127, 0.6838402864967849]",0.7488829840924127,218038498.24986196,False,False,False
3,S001;S002;S004;S005;S009;S011;S012;S013 | S003;S006;S007;S008;S015 | S010;S014,"[5, 6, 3, 6, 7, 5, 4, 4]","[1, 4, 1, 0, 3, 1, 2, 0]","[0, 0, 0, 0, 0, 0, 0, 2]","[0.6511833794348795, 0.5633499918168006, 0.5530882126805162, 0.6099581287987099]",0.6511833794348795,106824033.02224533,False,False,False
3,S001;S002;S004;S005;S009;S012;S013 | S003;S006;S007;S008;S011;S015 | S010;S014,"[5, 6, 3, 6, 7, 5, 4, 4]","[1, 4, 1, 0, 3, 1, 2, 0]","[0, 0, 0, 0, 0, 0, 0, 2]","[0.6155283196239104, 0.544998274752123, 0.5530882126805162, 0.5996165506028117]",0.6155283196239104,98526079.34379958,False,False,False
3,S001;S002;S004;S005;S009;S012;S013 | S003;S006;S007;S008;S015 | S010;S011;S014,"[5, 6, 3, 6, 8, 5, 4, 4]","[1, 4, 1, 0, 4, 1, 2, 0]","[0, 0, 0, 0, 0, 0, 0, 2]","[0.5704000965512808, 0.49493954178070554, 0.5530882126805162, 0.575119091850312]",0.575119091850312,119129798.50295524,False,False,False
3,S001;S002;S004;S005;S009;S010;S011;S012;S013;S014 | S003;S006;S007;S015 | S008,"[5, 4, 4, 6, 7, 6, 4, 4]","[1, 2, 2, 0, 3, 2, 2, 0]","[0, 0, 0, 0, 0, 0, 0, 2]","[0.7495888509938985, 0.6881343019595628, 0.49056462541490237, 0.6417071525934153]",0.7495888509938985,124582237.87658414,False,False,False
3,S001;S002;S004;S005;S009;S010;S012;S013;S014 | S003;S006;S007;S011;S015 | S008,"[5, 4, 4, 6, 7, 6, 4, 4]","[1, 2, 2, 0, 3, 2, 2, 0]","[0, 0, 0, 0, 0, 0, 0, 2]","[0.7013681982406071, 0.6558650713911335, 0.49056462541490237, 0.6215390813805719]",0.7013681982406071,116713118.08017203,False,False,False
3,S001;S002;S004;S005;S009;S010;S012;S013;S014 | S003;S006;S007;S015 | S008;S011,"[5, 5, 4, 6, 8, 6, 4, 4]","[1, 3, 2, 0, 4, 2, 2, 0]","[0, 0, 0, 0, 0, 0, 0, 2]","[0.6699561241530018, 0.6181696759170611, 0.49056462541490237, 0.6063039821777786]",0.6699561241530018,122320983.96874312,False,False,False
3,S001;S002;S004;S005;S009;S011;S012;S013 | S003;S006;S007;S010;S014;S015 | S008,"[5, 4, 4, 6, 5, 6, 3, 4]","[1, 2, 2, 0, 1, 2, 1, 0]","[0, 0, 0, 0, 0, 0, 0, 2]","[0.6595488075930386, 0.6127752176775092, 0.49755452792127053, 0.5676692595303159]",0.6595488075930386,202426018.55979735,False,False,False
3,S001;S002;S004;S005;S009;S012;S013 | S003;S006;S007;S010;S011;S014;S015 | S008,"[5, 4, 4, 6, 6, 6, 3, 4]","[1, 2, 2, 0, 2, 2, 1, 0]","[0, 0, 0, 0, 0, 0, 0, 2]","[0.6254160901485695, 0.6001178775980688, 0.49755452792127053, 0.5543895459558409]",0.6254160901485695,187339613.14697278,False,False,False
3,S001;S002;S004;S005;S009;S012;S013 | S003;S006;S007;S010;S014;S015 | S008;S011,"[5, 5, 4, 6, 6, 6, 3, 4]","[1, 3, 2, 0, 2, 2, 1, 0]","[0, 0, 0, 0, 0, 0, 0, 2]","[0.5788054668697933, 0.5459920427327979, 0.49755452792127053, 0.5323092593207123]",0.5788054668697933,200992231.92163503,False,False,False
3,S001;S002;S004;S005;S009;S011;S012;S013 | S003;S006;S007;S015 | S008;S010;S014,"[5, 6, 4, 6, 7, 6, 3, 4]","[1, 4, 2, 0, 3, 2, 1, 0]","[0, 0, 0, 0, 0, 0, 0, 2]","[0.5906372382190885, 0.4879063162540456, 0.31022917920375265, 0.4941499808220879]",0.5906372382190885,147792746.4366538,False,False,False
3,S001;S002;S004;S005;S009;S012;S013 | S003;S006;S007;S011;S015 | S008;S010;S014,"[5, 6, 4, 6, 7, 6, 3, 4]","[1, 4, 2, 0, 3, 2, 1, 0]","[0, 0, 0, 0, 0, 0, 0, 2]","[0.540314378177368, 0.45682782360086127, 0.31022917920375265, 0.47328138962789484]",0.540314378177368,140751093.90992033,False,False,False
3,S001;S002;S004;S005;S009;S012;S013 | S003;S006;S007;S015 | S008;S010;S011;S014,"[5, 6, 4, 6, 8, 6, 3, 4]","[1, 4, 2, 0, 4, 2, 1, 0]","[0, 0, 0, 0, 0, 0, 0, 2]","[0.5117781376507143, 0.4179417775315031, 0.31022917920375265, 0.4588869938417552]",0.5117781376507143,143135027.3343323,False,False,False
3,S001;S002;S004;S005;S008;S009;S010;S011;S012;S013;S014 | S003;S007;S015 | S006,"[5, 4, 4, 6, 7, 5, 3, 4]","[1, 2, 2, 0, 3, 1, 1, 0]","[0, 0, 0, 0, 0, 0, 0, 2]","[0.8397737541087841, 0.7752029131915221, 0.7382601231612673, 0.8230062371325597]",0.8397737541087841,145375382.69771978,False,False,False
3,S001;S002;S004;S005;S008;S009;S010;S012;S013;S014 | S003;S007;S011;S015 | S006,"[5, 4, 4, 6, 7, 5, 3, 4]","[1, 2, 2, 0, 3, 1, 1, 0]","[0, 0, 0, 0, 0, 0, 0, 2]","[0.7798094893744657, 0.7362742325034667, 0.7382601231612673, 0.8006961953910076]",0.8006961953910076,141544638.40534845,False,False,False
3,S001;S002;S004;S005;S008;S009;S010;S012;S013;S014 | S003;S007;S015 | S006;S011,"[5, 5, 4, 6, 8, 5, 3, 4]","[1, 3, 2, 0, 4, 1, 1, 0]","[0, 0, 0, 0, 0, 0, 0, 2]","[0.7642542951453364, 0.7056571512694706, 0.7382601231612673, 0.7879487854999513]",0.7879487854999513,136782471.4241572,False,False,False
3,S001;S002;S004;S005;S008;S009;S011;S012;S013 | S003;S007;S010;S014;S015 | S006,"[5, 4, 4, 6, 5, 5, 3, 4]","[1, 2, 2, 0, 1, 1, 1, 0]","[0, 0, 0, 0, 0, 0, 0, 2]","[0.7239054478812618, 0.6772233580121707, 0.7072018607730274, 0.7368501538742197]",0.7368501538742197,214644549.54280692,False,False,False
3,S001;S002;S004;S005;S008;S009;S012;S013 | S003;S007;S010;S011;S014;S015 | S006,"[5, 4, 4, 6, 6, 5, 3, 4]","[1, 2, 2, 0, 2, 1, 1, 0]","[0, 0, 0, 0, 0, 0, 0, 2]","[0.6730740905361584, 0.6540714721961182, 0.7072018607730274, 0.719235636404767]",0.719235636404767,200303798.95328414,False,False,False
3,S001;S002;S004;S005;S008;S009;S012;S013 | S003;S007;S010;S014;S015 | S006;S011,"[5, 5, 4, 6, 6, 5, 3, 4]","[1, 3, 2, 0, 2, 1, 1, 0]","[0, 0, 0, 0, 0, 0, 0, 2]","[0.6449473956498358, 0.6079908287072986, 0.7072018607730274, 0.7012563594749065]",0.7072018607730274,205947898.30334687,False,False,False
3,S001;S002;S004;S005;S008;S009;S011;S012;S013 | S003;S007;S015 | S006;S010;S014,"[5, 6, 4, 6, 7, 5, 4, 4]","[1, 4, 2, 0, 3, 1, 2, 0]","[0, 0, 0, 0, 0, 0, 0, 2]","[0.6899294698238585, 0.57644378055824, 0.544991479877948, 0.677079977595739]",0.6899294698238585,134662344.41960216,False,False,False
3,S001;S002;S004;S005;S008;S009;S012;S013 | S003;S007;S011;S015 | S006;S010;S014,"[5, 6, 4, 6, 7, 5, 4, 4]","[1, 4, 2, 0, 3, 1, 2, 0]","[0, 0, 0, 0, 0, 0, 0, 2]","[0.626050262427176, 0.5361497305883943, 0.544991479877948, 0.6538354053149542]",0.6538354053149542,130727860.16133338,False,False,False
3,S001;S002;S004;S005;S008;S009;S012;S013 | S003;S007;S015 | S006;S010;S011;S014,"[5, 6, 4, 6, 8, 5, 4, 4]","[1, 4, 2, 0, 4, 1, 2, 0]","[0, 0, 0, 0, 0, 0, 0, 2]","[0.6172309901001141, 0.5072649366326913, 0.544991479877948, 0.6422911635141568]",0.6422911635141568,132732928.45465797,False,False,False
3,S001;S002;S004;S005;S009;S010;S011;S012;S013;S014 | S003;S007;S008;S015 | S006,"[5, 4, 4, 6, 7, 5, 4, 4]","[1, 2, 2, 0, 3, 1, 2, 0]","[0, 0, 0, 0, 0, 0, 0, 2]","[0.734715983105998, 0.7071847278175525, 0.7086031845828167, 0.7047431820931915]",0.734715983105998,134114905.1702908,False,False,False
3,S001;S002;S004;S005;S009;S010;S012;S013;S014 | S003;S007;S008;S011;S015 | S006,"[5, 4, 4, 6, 7, 5, 4, 4]","[1, 2, 2, 0, 3, 1, 2, 0]","[0, 0, 0, 0, 0, 0, 0, 2]","[0.6827785398540872, 0.6777256572842146, 0.7086031845828167, 0.689781212382937]",0.7086031845828167,127675726.15898266,False,False,False
3,S001;S002;S004;S005;S009;S010;S012;S013;S014 | S003;S007;S008;S015 | S006;S011,"[5, 5, 4, 6, 8, 5, 4, 4]","[1, 3, 2, 0, 4, 1, 2, 0]","[0, 0, 0, 0, 0, 0, 0, 2]","[0.6560642376339596, 0.6372939015893702, 0.7086031845828167, 0.6692286556672087]",0.7086031845828167,123512465.65283647,False,False,False
3,S001;S002;S004;S005;S009;S011;S012;S013 | S003;S007;S008;S010;S014;S015 | S006,"[5, 4, 4, 6, 5, 5, 3, 4]","[1, 2, 2, 0, 1, 1, 1, 0]","[0, 0, 0, 0, 0, 0, 0, 2]","[0.6368821470761655, 0.6398707417105509, 0.7488829840924127, 0.6529713077892765]",0.7488829840924127,220422279.95667186,False,False,False
3,S001;S002;S004;S005;S009;S012;S013 | S003;S007;S008;S010;S011;S014;S015 | S006,"[5, 4, 4, 6, 6, 5, 3, 4]","[1, 2, 2, 0, 2, 1, 1, 0]","[0, 0, 0, 0, 0, 0, 0, 2]","[0.5984183989222047, 0.629804905233133, 0.7488829840924127, 0.6450452057811493]",0.7488829840924127,205148175.94704044,False,False,False
3,S001;S002;S004;S005;S009;S012;S013 | S003;S007;S008;S010;S014;S015 | S006;S011,"[5, 5, 4, 6, 6, 5, 3, 4]","[1, 3, 2, 0, 2, 1, 1, 0]","[0, 0, 0, 0, 0, 0, 0, 2]","[0.5561339348217864, 0.5740006589539873, 0.7488829840924127, 0.6187599533608532]",0.7488829840924127,210647307.70889622,False,False,False
3,S001;S002;S004;S005;S009;S011;S012;S013 | S003;S007;S008;S015 | S006;S010;S014,"[5, 6, 4, 6, 7, 5, 4, 4]","[1, 4, 2, 0, 3, 1, 2, 0]","[0, 0, 0, 0, 0, 0, 0, 2]","[0.5780020485242634, 0.507222158618019, 0.5530882126805162, 0.5566065297862627]",0.5780020485242634,134043113.99488696,False,False,False
3,S001;S002;S004;S005;S009;S012;S013 | S003;S007;S008;S011;S015 | S006;S010;S014,"[5, 6, 4, 6, 7, 5, 4, 4]","[1, 4, 2, 0, 3, 1, 2, 0]","[0, 0, 0, 0, 0, 0, 0, 2]","[0.5229901556217976, 0.48008859402598075, 0.5530882126805162, 0.5424336894756151]",0.5530882126805162,128431402.25325751,False,False,False
3,S001;S002;S004;S005;S009;S012;S013 | S003;S007;S008;S015 | S006;S010;S011;S014,"[5, 6, 4, 6, 8, 5, 4, 4]","[1, 4, 2, 0, 4, 1, 2, 0]","[0, 0, 0, 0, 0, 0, 0, 2]","[0.5008051801044618, 0.43740761448940174, 0.5530882126805162, 0.5211444044749765]",0.5530882126805162,131035377.02162717,False,False,False
3,S001;S002;S004;S005;S009;S010;S011;S012;S013;S014 | S003;S007;S015 | S006;S008,"[5, 4, 4, 6, 7, 6, 4, 4]","[1, 2, 2, 0, 3, 2, 2, 0]","[0, 0, 0, 0, 0, 0, 0, 2]","[0.7046806327016142, 0.6471112551502188, 0.49056462541490237, 0.6114989334317055]",0.7046806327016142,145778876.01143172,False,False,False
3,S001;S002;S004;S005;S009;S010;S012;S013;S014 | S003;S007;S011;S015 | S006;S008,"[5, 4, 4, 6, 7, 6, 4, 4]","[1, 2, 2, 0, 3, 2, 2, 0]","[0, 0, 0, 0, 0, 0, 0, 2]","[0.6412532372206262, 0.6073993617032639, 0.49056462541490237, 0.5876955803732078]",0.6412532372206262,139938603.47516865,False,False,False
3,S001;S002;S004;S005;S009;S010;S012;S013;S014 | S003;S007;S015 | S006;S008;S011,"[5, 5, 4, 6, 8, 6, 4, 4]","[1, 3, 2, 0, 4, 2, 2, 0]","[0, 0, 0, 0, 0, 0, 0, 2]","[0.631613442453724, 0.5777603945531419, 0.49056462541490237, 0.5769012091294011]",0.631613442453724,131877657.74891908,False,False,False
3,S001;S002;S004;S005;S009;S011;S012;S013 | S003;S007;S010;S014;S015 | S006;S008,"[5, 4, 4, 6, 5, 6, 3, 4]","[1, 2, 2, 0, 1, 2, 1, 0]","[0, 0, 0, 0, 0, 0, 0, 2]","[0.5821426032445305, 0.5497827752574949, 0.49755452792127053, 0.5211426628912632]",0.5821426032445305,225689289.95923263,False,False,False
3,S001;S002;S004;S005;S009;S012;S013 | S003;S007;S010;S011;S014;S015 | S006;S008,"[5, 4, 4, 6, 6, 6, 3, 4]","[1, 2, 2, 0, 2, 2, 1, 0]","[0, 0, 0, 0, 0, 0, 0, 2]","[0.5287983385979066, 0.529584680009575, 0.49755452792127053, 0.5036084244162868]",0.529584680009575,210270218.36139426,False,False,False
3,S001;S002;S004;S005;S009;S012;S013 | S003;S007;S010;S014;S015 | S006;S008;S011,"[5, 5, 4, 6, 6, 6, 3, 4]","[1, 3, 2, 0, 2, 2, 1, 0]","[0, 0, 0, 0, 0, 0, 0, 2]","[0.5042857654356468, 0.48096165084102976, 0.49755452792127053, 0.48555333880021184]",0.5042857654356468,212615538.96639872,False,False,False
3,S001;S002;S004;S005;S009;S011;S012;S013 | S003;S007;S015 | S006;S008;S010;S014,"[5, 6, 4, 6, 7, 6, 3, 4]","[1, 4, 2, 0, 3, 2, 1, 0]","[0, 0, 0, 0, 0, 0, 0, 2]","[0.5606689427790174, 0.4491472574645336, 0.31022917920375265, 0.46811181193588713]",0.5606689427790174,169466091.95412886,False,False,False
3,S001;S002;S004;S005;S009;S012;S013 | S003;S007;S011;S015 | S006;S008;S010;S014,"[5, 6, 4, 6, 7, 6, 3, 4]","[1, 4, 2, 0, 3, 2, 1, 0]","[0, 0, 0, 0, 0, 0, 0, 2]","[0.4919694702553476, 0.40733669068859707, 0.31022917920375265, 0.4425744325012149]",0.4919694702553476,164453286.6875445,False,False,False
3,S001;S002;S004;S005;S009;S012;S013 | S003;S007;S015 | S006;S008;S010;S011;S014,"[5, 6, 4, 6, 8, 6, 3, 4]","[1, 4, 2, 0, 4, 2, 1, 0]","[0, 0, 0, 0, 0, 0, 0, 2]","[0.4927648143190009, 0.38053275960893646, 0.31022917920375265, 0.43426875139286836]",0.4927648143190009,158373839.2553107,False,False,False
