candidate_id,row,col,lon,lat,ground_elevation_m,height_agl_m,alt_m,sources,distance_one_way_m,maximum_ground_elevation_m,cruise_altitude_m,outbound_seconds,inbound_seconds,round_trip_flight_seconds,round_trip_positive_climb_m,round_trip_climb_energy_kwh
C001-H100,522,647,109.21263888888889,23.079583333333336,242.8338165283203,100.0,342.8338165283203,Q2-013-G01-P02;Q2-013-G01-P04;S008,8089.351613112512,323.0854187011719,373.0854187011719,610.7203296070777,628.6481476511043,1239.3684772581819,275.63702087402345,0.024507052886853658
C001-H200,522,647,109.21263888888889,23.079583333333336,242.8338165283203,200.0,442.8338165283203,Q2-013-G01-P02;Q2-013-G01-P04;S008,8089.351613112512,323.0854187011719,373.0854187011719,618.0735616729143,644.3347130502742,1262.4082747231885,315.1338165283203,0.02801873668350699
C001-H300,522,647,109.21263888888889,23.079583333333336,242.8338165283203,300.0,542.8338165283203,Q2-013-G01-P02;Q2-013-G01-P04;S008,8089.351613112512,323.0854187011719,373.0854187011719,643.0735616729143,677.6680463836076,1320.7416080565217,415.1338165283203,0.03690979667579094
C002-H100,528,739,109.23819444444445,23.077916666666667,200.332275390625,100.0,300.332275390625,Q2-016-G01-P02;Q2-016-G01-P04;S004,7723.2221625030525,348.2391662597656,398.2391662597656,615.1518993548584,629.5379223040771,1244.6898216589357,368.44605712890626,0.03275875997853585
C002-H200,528,739,109.23819444444445,23.077916666666667,200.332275390625,200.0,400.332275390625,Q2-016-G01-P02;Q2-016-G01-P04;S004,7723.2221625030525,348.2391662597656,398.2391662597656,583.0395463478598,605.7589026304117,1188.7984489782716,272.632275390625,0.02423989916330926
C002-H300,528,739,109.23819444444445,23.077916666666667,200.332275390625,300.0,500.332275390625,Q2-016-G01-P02;Q2-016-G01-P04;S004,7723.2221625030525,348.2391662597656,398.2391662597656,608.0395463478598,639.0922359637451,1247.1317823116049,372.632275390625,0.03313095915559321
C003-H100,555,812,109.25847222222222,23.070416666666667,191.97598266601562,100.0,291.9759826660156,Q2-006-G01-P02;Q2-006-G01-P04;Q2-007-G01-P02;Q2-007-G01-P04;Q2-022-G01-P02;Q2-022-G01-P04;S002,7417.352945632668,267.0908508300781,317.0908508300781,550.2095318043848,563.8991970265529,1114.1087288309377,214.50571899414064,0.01907183216264907
C003-H200,555,812,109.25847222222222,23.070416666666667,191.97598266601562,200.0,391.9759826660156,Q2-006-G01-P02;Q2-006-G01-P04;Q2-007-G01-P02;Q2-007-G01-P04;Q2-022-G01-P02;Q2-022-G01-P04;S002,7417.352945632668,267.0908508300781,317.0908508300781,560.5591920420151,582.5821905975164,1143.1413826395315,264.27598266601564,0.02349693616403338
C003-H300,555,812,109.25847222222222,23.070416666666667,191.97598266601562,300.0,491.9759826660156,Q2-006-G01-P02;Q2-006-G01-P04;Q2-007-G01-P02;Q2-007-G01-P04;Q2-022-G01-P02;Q2-022-G01-P04;S002,7417.352945632668,267.0908508300781,317.0908508300781,585.5591920420151,615.9155239308498,1201.474715972865,364.27598266601564,0.032387996156317336
C004-H100,606,703,109.22819444444444,23.056250000000002,168.7893524169922,100.0,268.7893524169922,Q2-011-G01-P02;Q2-011-G01-P04;S005,5294.0068380899975,276.410888671875,326.410888671875,421.8186901255962,433.5761361603456,855.3948262859418,256.3324249267578,0.022790669679914256
C004-H200,606,703,109.22819444444444,23.056250000000002,168.7893524169922,200.0,368.7893524169922,Q2-011-G01-P02;Q2-011-G01-P04;S005,5294.0068380899975,276.410888671875,326.410888671875,413.2061273102479,433.29690667833063,846.5030339885785,241.0893524169922,0.021435398958403653
C004-H300,606,703,109.22819444444444,23.056250000000002,168.7893524169922,300.0,468.7893524169922,Q2-011-G01-P02;Q2-011-G01-P04;S005,5294.0068380899975,276.410888671875,326.410888671875,438.2061273102479,466.63024001166394,904.8363673219119,341.0893524169922,0.0303264589506876
C005-H100,609,796,109.25402777777778,23.055416666666666,199.8599090576172,100.0,299.8599090576172,Q2-019-G01-P02;Q2-019-G01-P04;S009,5712.09662681412,241.5024871826172,291.5024871826172,423.84641905201227,438.19307814014707,862.0394971921594,172.1599090576172,0.015306840796974234
C005-H200,609,796,109.25402777777778,23.055416666666666,199.8599090576172,200.0,399.8599090576172,Q2-019-G01-P02;Q2-019-G01-P04;S009,5712.09662681412,241.5024871826172,291.5024871826172,448.84641905201227,471.5264114734804,920.3728305254926,272.1599090576172,0.024197900789258184
C005-H300,609,796,109.25402777777778,23.055416666666666,199.8599090576172,300.0,499.8599090576172,Q2-019-G01-P02;Q2-019-G01-P04;S009,5712.09662681412,241.5024871826172,291.5024871826172,473.84641905201227,504.8597448068137,978.7061638588259,372.1599090576172,0.03308896078154214
C006-H100,612,901,109.28319444444445,23.054583333333333,247.74130249023438,100.0,347.7413024902344,Q2-002-G01-P02;Q2-002-G01-P04;S012,7403.958733068848,377.0903625488281,427.0903625488281,594.8945261946615,613.2313014021811,1208.1258275968426,378.7394226074219,0.03367394927845572
C006-H200,612,901,109.28319444444445,23.054583333333333,247.74130249023438,200.0,447.7413024902344,Q2-002-G01-P02;Q2-002-G01-P04;S012,7403.958733068848,377.0903625488281,427.0903625488281,573.6075744938152,600.277683034668,1173.8852575284832,320.0413024902344,0.028455064204493688
C006-H300,612,901,109.28319444444445,23.054583333333333,247.74130249023438,300.0,547.7413024902344,Q2-002-G01-P02;Q2-002-G01-P04;S012,7403.958733068848,377.0903625488281,427.0903625488281,598.6075744938152,633.6110163680014,1232.2185908618167,420.0413024902344,0.03734612419677763
C007-H100,615,730,109.23569444444445,23.05375,244.8858642578125,100.0,344.8858642578125,Q2-016-G01-P01,5034.663115745427,292.4114990234375,342.4114990234375,389.9406737808149,408.03949580229926,797.9801695831142,217.1858642578125,0.019310125485922494
C007-H200,615,730,109.23569444444445,23.05375,244.8858642578125,200.0,444.8858642578125,Q2-016-G01-P01,5034.663115745427,292.4114990234375,342.4114990234375,414.9406737808149,441.3728291356326,856.3135029164475,317.1858642578125,0.028201185478206443
C007-H300,615,730,109.23569444444445,23.05375,244.8858642578125,300.0,544.8858642578125,Q2-016-G01-P01,5034.663115745427,292.4114990234375,342.4114990234375,439.9406737808149,474.70616246896594,914.6468362497808,417.1858642578125,0.03709224547049039
C008-H100,616,730,109.23569444444445,23.053472222222222,232.8063201904297,100.0,332.8063201904297,Q2-016-G01-P03,5004.05152810561,292.4114990234375,342.4114990234375,390.4830362405693,407.57522958977177,798.058265830341,224.31667785644532,0.019944130400914882
C008-H200,616,730,109.23569444444445,23.053472222222222,232.8063201904297,200.0,432.8063201904297,Q2-016-G01-P03,5004.05152810561,292.4114990234375,342.4114990234375,409.8800152546481,435.3055419371839,845.185557191832,305.1063201904297,0.02712718596838106
C008-H300,616,730,109.23569444444445,23.053472222222222,232.8063201904297,300.0,532.8063201904297,Q2-016-G01-P03,5004.05152810561,292.4114990234375,342.4114990234375,434.8800152546481,468.6388752705172,903.5188905251653,405.1063201904297,0.03601824596066501
C009-H100,628,705,109.22875,23.05013888888889,218.7521209716797,100.0,318.7521209716797,Q2-011-G01-P03,4615.252902160307,276.410888671875,326.410888671875,359.9141715453876,375.83518162636096,735.7493531717486,206.36965637207032,0.01834844995391101
C009-H200,628,705,109.22875,23.05013888888889,218.7521209716797,200.0,418.7521209716797,Q2-011-G01-P03,4615.252902160307,276.410888671875,326.410888671875,380.446557053607,404.7009004679137,785.1474575215207,291.0521209716797,0.025877618684406897
C009-H300,628,705,109.22875,23.05013888888889,218.7521209716797,300.0,518.7521209716797,Q2-011-G01-P03,4615.252902160307,276.410888671875,326.410888671875,405.446557053607,438.034233801247,843.480790854854,391.0521209716797,0.034768678676690846
C010-H100,629,705,109.22875,23.049861111111113,211.4542999267578,100.0,311.4542999267578,Q2-011-G01-P01,4584.524248029528,276.410888671875,326.410888671875,360.2982016183097,375.6110599455395,735.9092615638492,213.6674774169922,0.018997303601144537
C010-H200,629,705,109.22875,23.049861111111113,211.4542999267578,200.0,411.4542999267578,Q2-011-G01-P01,4584.524248029528,276.410888671875,326.410888671875,376.57352485032465,400.21971651088785,776.7932413612125,283.7542999267578,0.02522876503717337
C010-H300,629,705,109.22875,23.049861111111113,211.4542999267578,300.0,511.4542999267578,Q2-011-G01-P01,4584.524248029528,276.410888671875,326.410888671875,401.57352485032465,433.55304984422116,835.1265746945458,383.7542999267578,0.03411982502945732
C011-H100,630,574,109.19236111111111,23.049583333333334,443.683349609375,100.0,543.683349609375,Q2-018-G01-P02;Q2-018-G01-P04;S015,6021.304255624955,521.7992553710938,571.7992553710938,521.8170661383434,556.4823452724579,1078.2994114108014,472.2151611328125,0.04198493326897868
C011-H200,630,574,109.19236111111111,23.049583333333334,443.683349609375,200.0,643.683349609375,Q2-018-G01-P02;Q2-018-G01-P04;S015,6021.304255624955,521.7992553710938,571.7992553710938,530.4161211106741,573.414733578122,1103.830854688796,515.983349609375,0.04587638916396576
C011-H300,630,574,109.19236111111111,23.049583333333334,443.683349609375,300.0,743.683349609375,Q2-018-G01-P02;Q2-018-G01-P04;S015,6021.304255624955,521.7992553710938,571.7992553710938,555.4161211106741,606.7480669114553,1162.1641880221296,615.983349609375,0.0547674491562497
C012-H100,646,679,109.22152777777778,23.04513888888889,253.44384765625,100.0,353.44384765625,Q2-013-G01-P03,4167.564253981473,299.5338134765625,349.5338134765625,334.27357884616066,353.0855661508482,687.3591449970088,225.74384765625,0.020071020924007272
C012-H200,646,679,109.22152777777778,23.04513888888889,253.44384765625,200.0,453.44384765625,Q2-013-G01-P03,4167.564253981473,299.5338134765625,349.5338134765625,359.27357884616066,386.4188994841815,745.6924783303422,325.74384765625,0.02896208091629122
C012-H300,646,679,109.22152777777778,23.04513888888889,253.44384765625,300.0,553.44384765625,Q2-013-G01-P03,4167.564253981473,299.5338134765625,349.5338134765625,384.27357884616066,419.7522328175149,804.0258116636755,425.74384765625,0.037853140908575174
C013-H100,647,679,109.22152777777778,23.04486111111111,242.47157287597656,100.0,342.47157287597656,Q2-013-G01-P01,4137.627909177864,299.5338134765625,349.5338134765625,333.65439418119354,351.5520252541916,685.2064194353852,228.89605407714845,0.02035128548796998
C013-H200,647,679,109.22152777777778,23.04486111111111,242.47157287597656,200.0,442.47157287597656,Q2-013-G01-P01,4137.627909177864,299.5338134765625,349.5338134765625,354.53475383085174,380.76571823718314,735.3004720680349,314.7715728759766,0.027986529383058872
C013-H300,647,679,109.22152777777778,23.04486111111111,242.47157287597656,300.0,542.4715728759766,Q2-013-G01-P01,4137.627909177864,299.5338134765625,349.5338134765625,379.53475383085174,414.0990515705165,793.6338054013682,414.7715728759766,0.036877589375342815
C014-H100,660,765,109.24541666666667,23.04125,208.92599487304688,100.0,308.9259948730469,Q2-007-G01-P03;Q2-022-G01-P03,3921.1671010347186,208.92599487304688,258.9259948730469,306.71763878724295,321.8198050266636,628.5374438139065,181.2259948730469,0.016112911925776033
C014-H200,660,765,109.24541666666667,23.04125,208.92599487304688,200.0,408.9259948730469,Q2-007-G01-P03;Q2-022-G01-P03,3921.1671010347186,208.92599487304688,258.9259948730469,331.71763878724295,355.1531383599969,686.8707771472398,281.2259948730469,0.025003971918059982
C014-H300,660,765,109.24541666666667,23.04125,208.92599487304688,300.0,508.9259948730469,Q2-007-G01-P03;Q2-022-G01-P03,3921.1671010347186,208.92599487304688,258.9259948730469,356.71763878724295,388.4864716933302,745.2041104805731,381.2259948730469,0.03389503191034393
C015-H100,661,765,109.24541666666667,23.040972222222223,201.2321319580078,100.0,301.2321319580078,Q2-006-G01-P01;Q2-006-G01-P03;Q2-007-G01-P01;Q2-022-G01-P01,3892.739940182392,201.2321319580078,251.2321319580078,302.8990290016614,317.3600399981621,620.2590689998235,173.53213195800782,0.015428845958275823
C015-H200,661,765,109.24541666666667,23.040972222222223,201.2321319580078,200.0,401.2321319580078,Q2-006-G01-P01;Q2-006-G01-P03;Q2-007-G01-P01;Q2-022-G01-P01,3892.739940182392,201.2321319580078,251.2321319580078,327.8990290016614,350.6933733314954,678.5924023331568,273.5321319580078,0.024319905950559773
C015-H300,661,765,109.24541666666667,23.040972222222223,201.2321319580078,300.0,501.2321319580078,Q2-006-G01-P01;Q2-006-G01-P03;Q2-007-G01-P01;Q2-022-G01-P01,3892.739940182392,201.2321319580078,251.2321319580078,352.8990290016614,384.02670666482874,736.9257356664901,373.5321319580078,0.03321096594284372
C016-H100,663,769,109.24652777777777,23.040416666666665,237.87327575683594,100.0,337.87327575683594,Q2-019-G01-P01,3881.7390337196834,237.87327575683594,287.87327575683594,311.3259211871879,328.8403608335909,640.1662820207788,210.17327575683595,0.018686632035288663
C016-H200,663,769,109.24652777777777,23.040416666666665,237.87327575683594,200.0,437.87327575683594,Q2-019-G01-P01,3881.7390337196834,237.87327575683594,287.87327575683594,336.3259211871879,362.17369416692424,698.4996153541122,310.17327575683595,0.02757769202757261
C016-H300,663,769,109.24652777777777,23.040416666666665,237.87327575683594,300.0,537.8732757568359,Q2-019-G01-P01,3881.7390337196834,237.87327575683594,287.87327575683594,361.3259211871879,395.50702750025755,756.8329486874454,410.17327575683595,0.03646875201985656
C017-H100,663,770,109.24680555555555,23.040416666666665,229.42453002929688,100.0,329.4245300292969,Q2-019-G01-P03,3893.6119617334043,230.62892150878906,280.62892150878906,310.0052632895512,326.81564079199256,636.8209040815437,201.7245300292969,0.017935448984057637
C017-H200,663,770,109.24680555555555,23.040416666666665,229.42453002929688,200.0,429.4245300292969,Q2-019-G01-P03,3893.6119617334043,230.62892150878906,280.62892150878906,335.0052632895512,360.14897412532594,695.1542374148771,301.7245300292969,0.026826508976341586
C017-H300,663,770,109.24680555555555,23.040416666666665,229.42453002929688,300.0,529.4245300292969,Q2-019-G01-P03,3893.6119617334043,230.62892150878906,280.62892150878906,360.0052632895512,393.48230745865925,753.4875707482104,401.7245300292969,0.03571756896862554
C018-H100,664,489,109.16875,23.04013888888889,315.5744323730469,100.0,415.5744323730469,Q2-015-G01-P02;Q2-015-G01-P04;Q2-020-G01-P02;Q2-020-G01-P04;Q2-021-G01-P02;Q2-021-G01-P04;Q2-023-G01-P02;Q2-023-G01-P04;S003,7265.7657787487,511.80413818359375,561.8041381835938,641.653655065994,665.6431910970813,1307.2968461630753,580.3338439941406,0.05159783022504659
C018-H200,664,489,109.16875,23.04013888888889,315.5744323730469,200.0,515.5744323730469,Q2-015-G01-P02;Q2-015-G01-P04;Q2-020-G01-P02;Q2-020-G01-P04;Q2-021-G01-P02;Q2-021-G01-P04;Q2-023-G01-P02;Q2-023-G01-P04;S003,7265.7657787487,511.80413818359375,561.8041381835938,608.3203217326608,640.6431910970813,1248.963512829742,480.33384399414064,0.042706770232762634
C018-H300,664,489,109.16875,23.04013888888889,315.5744323730469,300.0,615.5744323730469,Q2-015-G01-P02;Q2-015-G01-P04;Q2-020-G01-P02;Q2-020-G01-P04;Q2-021-G01-P02;Q2-021-G01-P04;Q2-023-G01-P02;Q2-023-G01-P04;S003,7265.7657787487,511.80413818359375,561.8041381835938,606.3529933431751,647.0091960409289,1253.362189384104,487.8744323730469,0.04337720846930239
C019-H100,682,622,109.20569444444445,23.035138888888888,371.05279541015625,100.0,471.05279541015625,Q2-018-G01-P03,3917.5215202159334,406.16729736328125,456.16729736328125,347.00630020026796,375.61903315111437,722.6253333513823,343.35279541015626,0.030527703025100963
C019-H200,682,622,109.20569444444445,23.035138888888888,371.05279541015625,200.0,571.0527954101562,Q2-018-G01-P03,3917.5215202159334,406.16729736328125,456.16729736328125,372.00630020026796,408.9523664844477,780.9586666847156,443.35279541015626,0.039418763017384915
C019-H300,682,622,109.20569444444445,23.035138888888888,371.05279541015625,300.0,671.0527954101562,Q2-018-G01-P03,3917.5215202159334,406.16729736328125,456.16729736328125,397.00630020026796,442.285699817781,839.292000018049,543.3527954101562,0.048309823009668865
C020-H100,682,623,109.20597222222223,23.035138888888888,370.5013732910156,100.0,470.5013732910156,Q2-018-G01-P01,3898.8370434750004,406.2044372558594,456.2044372558594,345.6228128877539,374.18959399533856,719.8124068830925,342.80137329101564,0.03047867575367745
C020-H200,682,623,109.20597222222223,23.035138888888888,370.5013732910156,200.0,570.5013732910156,Q2-018-G01-P01,3898.8370434750004,406.2044372558594,456.2044372558594,370.6228128877539,407.5229273286719,778.1457402164258,442.80137329101564,0.03936973574596139
C020-H300,682,623,109.20597222222223,23.035138888888888,370.5013732910156,300.0,670.5013732910156,Q2-018-G01-P01,3898.8370434750004,406.2044372558594,456.2044372558594,395.6228128877539,440.85626066200524,836.4790735497592,542.8013732910156,0.04826079573824534
C021-H100,688,757,109.24319444444444,23.033472222222223,152.53707885742188,100.0,252.53707885742188,S001,3040.248561308609,223.05661010742188,273.0566101074219,245.86223369742942,256.26532360221455,502.12755729964397,165.8761413574219,0.014748147240974108
C021-H200,688,757,109.24319444444444,23.033472222222223,152.53707885742188,200.0,352.5370788574219,S001,3040.248561308609,223.05661010742188,273.0566101074219,258.8925071349294,277.6289303730479,536.5214375079773,224.8370788574219,0.019990399566112153
C021-H300,688,757,109.24319444444444,23.033472222222223,152.53707885742188,300.0,452.5370788574219,S001,3040.248561308609,223.05661010742188,273.0566101074219,283.8925071349294,310.96226370638124,594.8547708413107,324.8370788574219,0.028881459558396105
C022-H100,690,813,109.25875,23.03291666666667,213.73558044433594,100.0,313.73558044433594,Q2-002-G01-P03,3935.0013399227114,344.1709289550781,394.1709289550781,355.76293773719766,371.26590277422565,727.0288405114234,346.9062774658203,0.030843645246485103
C022-H200,690,813,109.25875,23.03291666666667,213.73558044433594,200.0,413.73558044433594,Q2-002-G01-P03,3935.0013399227114,344.1709289550781,394.1709289550781,333.84231777259805,357.67861614295936,691.5209339155574,286.03558044433595,0.025431595056583527
C022-H300,690,813,109.25875,23.03291666666667,213.73558044433594,300.0,513.7355804443359,Q2-002-G01-P03,3935.0013399227114,344.1709289550781,394.1709289550781,358.84231777259805,391.0119494762927,749.8542672488908,386.03558044433595,0.03432265504886748
C023-H100,691,812,109.25847222222222,23.03263888888889,219.15914916992188,100.0,319.1591491699219,Q2-002-G01-P01,3893.1801591586586,344.1709289550781,394.1709289550781,351.16700277773214,367.12193187522564,718.2889346529578,341.4827087402344,0.030361432497370503
C023-H200,691,812,109.25847222222222,23.03263888888889,219.15914916992188,200.0,419.1591491699219,Q2-002-G01-P01,3893.1801591586586,344.1709289550781,394.1709289550781,332.410131236391,356.69839366721783,689.1085249036089,291.4591491699219,0.02591380780569812
C023-H300,691,812,109.25847222222222,23.03263888888889,219.15914916992188,300.0,519.1591491699219,Q2-002-G01-P01,3893.1801591586586,344.1709289550781,394.1709289550781,357.410131236391,390.03172700055114,747.4418582369422,391.4591491699219,0.03480486779798207
C024-H100,694,675,109.22041666666667,23.031805555555557,178.04286193847656,100.0,278.04286193847656,S011,2792.8656287362082,245.36175537109375,295.36175537109375,233.87944523605972,246.4080170642661,480.28746230032584,184.98064880371095,0.01644674045925402
C024-H200,694,675,109.22041666666667,23.031805555555557,178.04286193847656,200.0,378.04286193847656,S011,2792.8656287362082,245.36175537109375,295.36175537109375,248.77675740036636,269.6386625619061,518.4154199622724,250.34286193847657,0.022258134041350533
C024-H300,694,675,109.22041666666667,23.031805555555557,178.04286193847656,300.0,478.04286193847656,S011,2792.8656287362082,245.36175537109375,295.36175537109375,273.77675740036636,302.9719958952394,576.7487532956058,350.3428619384766,0.031149194033634486
C025-H100,697,858,109.27125,23.03097222222222,324.4444580078125,100.0,424.4444580078125,Q2-003-G01-P02;Q2-003-G01-P04;S013,4830.862405227481,347.3786926269531,397.3786926269531,396.24360818378517,420.9723130177696,817.2159212015547,296.7444580078125,0.026383727785252463
C025-H200,697,858,109.27125,23.03097222222222,324.4444580078125,200.0,524.4444580078125,Q2-003-G01-P02;Q2-003-G01-P04;S013,4830.862405227481,347.3786926269531,397.3786926269531,421.24360818378517,454.3056463511029,875.5492545348881,396.7444580078125,0.03527478777753641
C025-H300,697,858,109.27125,23.03097222222222,324.4444580078125,300.0,624.4444580078125,Q2-003-G01-P02;Q2-003-G01-P04;S013,4830.862405227481,347.3786926269531,397.3786926269531,446.24360818378517,487.6389796844362,933.8825878682214,496.7444580078125,0.04416584776982036
C026-H100,703,576,109.19291666666666,23.029305555555556,314.2220458984375,100.0,414.2220458984375,Q2-004-G01-P02;Q2-004-G01-P04;S007,4519.473554189897,461.9731750488281,511.9731750488281,429.95024042499705,453.8270775832002,883.7773180081972,482.02430419921876,0.04285707006374182
C026-H200,703,576,109.19291666666666,23.029305555555556,314.2220458984375,200.0,514.2220458984375,Q2-004-G01-P02;Q2-004-G01-P04;S007,4519.473554189897,461.9731750488281,511.9731750488281,397.9287484206025,430.13891891213893,828.0676673327414,386.5220458984375,0.034365906984233384
C026-H300,703,576,109.19291666666666,23.029305555555556,314.2220458984375,300.0,614.2220458984375,Q2-004-G01-P02;Q2-004-G01-P04;S007,4519.473554189897,461.9731750488281,511.9731750488281,422.9287484206025,463.4722522454723,886.4010006660749,486.5220458984375,0.04325696697651733
C027-H100,712,830,109.26347222222222,23.026805555555555,258.8730773925781,100.0,358.8730773925781,Q2-003-G01-P01,3909.8731893650647,284.79876708984375,334.79876708984375,318.45148197248216,337.71590508853035,656.1673870610125,231.17307739257814,0.020553736996983128
C027-H200,712,830,109.26347222222222,23.026805555555555,258.8730773925781,200.0,458.8730773925781,Q2-003-G01-P01,3909.8731893650647,284.79876708984375,334.79876708984375,343.45148197248216,371.0492384218637,714.5007203943459,331.17307739257814,0.029444796989267077
C027-H300,712,830,109.26347222222222,23.026805555555555,258.8730773925781,300.0,558.8730773925781,Q2-003-G01-P01,3909.8731893650647,284.79876708984375,334.79876708984375,368.45148197248216,404.38257175519703,772.8340537276792,431.17307739257814,0.03833585698155103
C028-H100,713,594,109.19791666666667,23.02652777777778,397.0990295410156,100.0,497.0990295410156,Q2-004-G01-P03,3921.7437469438473,461.9731750488281,511.9731750488281,362.47592539440103,393.2591778561523,755.7351032505533,399.14732055664064,0.035488427728284845
C028-H200,713,594,109.19791666666667,23.02652777777778,397.0990295410156,200.0,597.0990295410156,Q2-004-G01-P03,3921.7437469438473,461.9731750488281,511.9731750488281,378.7993405148437,417.9159263099284,796.7152668247721,469.39902954101564,0.04173454931969036
C028-H300,713,594,109.19791666666667,23.02652777777778,397.0990295410156,300.0,697.0990295410156,Q2-004-G01-P03,3921.7437469438473,461.9731750488281,511.9731750488281,403.7993405148437,451.24925964326167,855.0486001581054,569.3990295410156,0.0506256093119743
C029-H100,713,595,109.19819444444444,23.02652777777778,396.4049072265625,100.0,496.4049072265625,Q2-004-G01-P01,3897.2573123076263,451.8304748535156,501.8304748535156,355.1582954095383,385.8837043450852,741.0419997546235,379.55604248046876,0.033746555441277234
C029-H200,713,595,109.19819444444444,23.02652777777778,396.4049072265625,200.0,596.4049072265625,Q2-004-G01-P01,3897.2573123076263,451.8304748535156,501.8304748535156,376.99338096048234,416.05212322936256,793.0455041898449,468.7049072265625,0.0416728344882925
C029-H300,713,595,109.19819444444444,23.02652777777778,396.4049072265625,300.0,696.4049072265625,Q2-004-G01-P01,3897.2573123076263,451.8304748535156,501.8304748535156,401.99338096048234,449.3854565626959,851.3788375231782,568.7049072265625,0.050563894480576445
C030-H100,713,829,109.26319444444445,23.02652777777778,264.5995178222656,100.0,364.5995178222656,Q2-003-G01-P03,3869.5986840653904,295.5396728515625,345.5396728515625,317.19812505992576,336.9397515451146,654.1378766050403,236.89951782226564,0.021062878251009047
C030-H200,713,829,109.26319444444445,23.02652777777778,264.5995178222656,200.0,464.5995178222656,Q2-003-G01-P03,3869.5986840653904,295.5396728515625,345.5396728515625,342.19812505992576,370.2730848784479,712.4712099383737,336.89951782226564,0.029953938243292993
C030-H300,713,829,109.26319444444445,23.02652777777778,264.5995178222656,300.0,564.5995178222656,Q2-003-G01-P03,3869.5986840653904,295.5396728515625,345.5396728515625,367.19812505992576,403.6064182117812,770.804543271707,436.89951782226564,0.038844998235576945
C031-H100,716,593,109.19763888888889,23.025694444444444,402.08489990234375,100.0,502.08489990234375,Q2-015-G01-P01;Q2-020-G01-P01;Q2-020-G01-P03;Q2-021-G01-P01;Q2-021-G01-P03;Q2-023-G01-P01,3900.441065710905,501.4280090332031,551.4280090332031,382.40910968264757,413.60785134117623,796.0169610238238,473.0711181640625,0.042061036922135295
C031-H200,716,593,109.19763888888889,23.025694444444444,402.08489990234375,200.0,602.0848999023438,Q2-015-G01-P01;Q2-020-G01-P01;Q2-020-G01-P03;Q2-021-G01-P01;Q2-021-G01-P03;Q2-023-G01-P01,3900.441065710905,501.4280090332031,551.4280090332031,378.6256293563129,418.1577043481749,796.7833337044879,474.38489990234376,0.04217784604465354
C031-H300,716,593,109.19763888888889,23.025694444444444,402.08489990234375,300.0,702.0848999023438,Q2-015-G01-P01;Q2-020-G01-P01;Q2-020-G01-P03;Q2-021-G01-P01;Q2-021-G01-P03;Q2-023-G01-P01,3900.441065710905,501.4280090332031,551.4280090332031,403.6256293563129,451.49103768150826,855.1166670378211,574.3848999023437,0.0510689060369375
C032-H100,717,593,109.19763888888889,23.02541666666667,412.5281982421875,100.0,512.5281982421875,Q2-015-G01-P03;Q2-023-G01-P03,3885.5271112276473,511.80413818359375,561.8041381835938,383.9864886082103,416.0555051283926,800.041993736603,483.380078125,0.04297761273684277
C032-H200,717,593,109.19763888888889,23.02541666666667,412.5281982421875,200.0,612.5281982421875,Q2-015-G01-P03;Q2-023-G01-P03,3885.5271112276473,511.80413818359375,561.8041381835938,380.2421903090567,420.6445401625723,800.886730471629,484.8281982421875,0.04310636596522225
C032-H300,717,593,109.19763888888889,23.02541666666667,412.5281982421875,300.0,712.5281982421875,Q2-015-G01-P03;Q2-023-G01-P03,3885.5271112276473,511.80413818359375,561.8041381835938,405.2421903090567,453.97787349590567,859.2200638049624,584.8281982421875,0.05199742595750619
C033-H100,739,875,109.27597222222222,23.019305555555555,324.4798278808594,100.0,424.4798278808594,Q2-005-G01-P02;Q2-005-G01-P04;S010,4777.421032515547,385.63653564453125,435.63653564453125,399.1977720000599,423.92942432346484,823.1271963235247,319.09324340820314,0.02837077170274799
C033-H200,739,875,109.27597222222222,23.019305555555555,324.4798278808594,200.0,524.4798278808594,Q2-005-G01-P02;Q2-005-G01-P04;S010,4777.421032515547,385.63653564453125,435.63653564453125,417.6896924712513,450.75467812798956,868.4443705992409,396.7798278808594,0.03527793253416821
C033-H300,739,875,109.27597222222222,23.019305555555555,324.4798278808594,300.0,624.4798278808594,Q2-005-G01-P02;Q2-005-G01-P04;S010,4777.421032515547,385.63653564453125,435.63653564453125,442.6896924712513,484.08801146132294,926.7777039325742,496.7798278808594,0.04416899252645216
C034-H100,746,845,109.26763888888888,23.01736111111111,328.7884826660156,100.0,428.7884826660156,Q2-005-G01-P01;Q2-005-G01-P03,3896.4777983523663,370.0027160644531,420.0027160644531,335.0373072233283,360.12801411216293,695.1653213354912,301.08848266601564,0.026769957623692914
C034-H200,746,845,109.26763888888888,23.01736111111111,328.7884826660156,200.0,528.7884826660156,Q2-005-G01-P01;Q2-005-G01-P03,3896.4777983523663,370.0027160644531,420.0027160644531,360.0373072233283,393.46134744549624,753.4986546688245,401.08848266601564,0.035661017615976856
C034-H300,746,845,109.26763888888888,23.01736111111111,328.7884826660156,300.0,628.7884826660156,Q2-005-G01-P01;Q2-005-G01-P03,3896.4777983523663,370.0027160644531,420.0027160644531,385.0373072233283,426.7946807788296,811.8319880021579,501.08848266601564,0.04455207760826081
C035-H100,778,713,109.23097222222222,23.008472222222224,128.7255401611328,100.0,228.7255401611328,O01,13.02691366766386,128.7255401611328,178.7255401611328,26.12484595146079,34.543640964888525,60.668486916349316,101.02554016113281,0.008982241383255233
C035-H200,778,713,109.23097222222222,23.008472222222224,128.7255401611328,200.0,328.7255401611328,O01,13.02691366766386,128.7255401611328,178.7255401611328,51.12484595146079,67.87697429822187,119.00182024968265,201.02554016113282,0.017873301375539184
C035-H300,778,713,109.23097222222222,23.008472222222224,128.7255401611328,300.0,428.7255401611328,O01,13.02691366766386,128.7255401611328,178.7255401611328,76.1248459514608,101.2103076315552,177.335153583016,301.0255401611328,0.026764361367823133
C036-H100,781,601,109.19986111111112,23.007638888888888,275.1272277832031,100.0,375.1272277832031,S006,3178.5073901460755,316.09783935546875,366.09783935546875,273.75729962220584,294.3762352708061,568.133534893012,247.42722778320314,0.02199890325944965
C036-H200,781,601,109.19986111111112,23.007638888888888,275.1272277832031,200.0,475.1272277832031,S006,3178.5073901460755,316.09783935546875,366.09783935546875,298.75729962220584,327.7095686041394,626.4668682263452,347.42722778320314,0.0308899632517336
C036-H300,781,601,109.19986111111112,23.007638888888888,275.1272277832031,300.0,575.1272277832031,S006,3178.5073901460755,316.09783935546875,366.09783935546875,323.75729962220584,361.0429019374727,684.8002015596785,447.42722778320314,0.03978102324401755
C037-H100,786,849,109.26875,23.00625,302.6331787109375,100.0,402.6331787109375,Q2-008-G01-P01,3893.2681032421,403.2630920410156,453.2630920410156,357.8186176697533,380.72971589566475,738.548333565418,376.19300537109376,0.033447545794319924
C037-H200,786,849,109.26875,23.00625,302.6331787109375,200.0,502.6331787109375,Q2-008-G01-P01,3893.2681032421,403.2630920410156,453.2630920410156,353.28450156054106,384.52893311978585,737.813434680327,374.9331787109375,0.033335533850166646
C037-H300,786,849,109.26875,23.00625,302.6331787109375,300.0,602.6331787109375,Q2-008-G01-P01,3893.2681032421,403.2630920410156,453.2630920410156,378.28450156054106,417.86226645311916,796.1467680136602,474.9331787109375,0.0422265938424506
C038-H100,786,850,109.26902777777778,23.00625,307.65142822265625,100.0,407.65142822265625,Q2-008-G01-P03,3921.6865865616146,403.2630920410156,453.2630920410156,358.04043338714797,381.3697190723693,739.4101524595173,371.174755859375,0.03300137021967051
C038-H200,786,850,109.26902777777778,23.00625,307.65142822265625,200.0,507.65142822265625,Q2-008-G01-P03,3921.6865865616146,403.2630920410156,453.2630920410156,356.433629493105,388.09624851165967,744.5298780047647,379.95142822265626,0.03378170942481606
C038-H300,786,850,109.26902777777778,23.00625,307.65142822265625,300.0,607.6514282226562,Q2-008-G01-P03,3921.6865865616146,403.2630920410156,453.2630920410156,381.433629493105,421.42958184499304,802.863211338098,479.95142822265626,0.042672769417100014
C039-H100,790,902,109.28347222222222,23.00513888888889,331.1523742675781,100.0,431.1523742675781,Q2-008-G01-P02;Q2-008-G01-P04;S014,5407.41716888272,541.9473876953125,591.9473876953125,530.1546626585875,555.4423605142191,1085.5970231728065,625.0424011230468,0.055572894861062185
C039-H200,790,902,109.28347222222222,23.00513888888889,331.1523742675781,200.0,531.1523742675781,Q2-008-G01-P02;Q2-008-G01-P04;S014,5407.41716888272,541.9473876953125,591.9473876953125,496.8213293252542,530.4423605142191,1027.2636898394733,525.0424011230468,0.046681834868778235
C039-H300,790,902,109.28347222222222,23.00513888888889,331.1523742675781,300.0,631.1523742675781,Q2-008-G01-P02;Q2-008-G01-P04;S014,5407.41716888272,541.9473876953125,591.9473876953125,486.3575714924092,528.3119360147074,1014.6695075071166,503.45237426757814,0.044762252628708296
